Id,Op-Name,Op-Count,Byte-Count,Worker-Count,Avg-ResTime,Avg-ProcTime,60%-ResTime,80%-ResTime,90%-ResTime,95%-ResTime,99%-ResTime,100%-ResTime,Throughput,Bandwidth,Succ-Ratio,Config-Info
w35-s1-init-1,init-write,0,0,1,N/A,N/A,N/A,N/A,N/A,N/A,N/A,N/A,0,0,N/A,100% cprefix=s3testqwer containers=r(1-20) cprefix=s3testqwer containers=r(1-20) cprefix=s3testqwer containers=r(1-20) objects=r(0-0) sizes=c(0)B cprefix=s3testqwer containers=r(1-20)
w35-s2-prepare-1,prepare-write,6000,24000000,16,69.59,69.59,80,90,100,110,120,190,229.87,919463.85,100%,100% cprefix=s3testqwer containers=r(1-20) objects=r(1-300) sizes=c(4)KB cprefix=s3testqwer containers=r(1-20) objects=r(1-300) sizes=c(4)KB cprefix=s3testqwer containers=r(1-20) objects=r(1-300) sizes=c(4)KB createContainer=false cprefix=s3testqwer containers=r(1-20) objects=r(1-300) sizes=c(4)KB
w35-s3-main-1worker-1,read,4483,17932000,1,7.37,6.87,10,10,20,20,20,90,74.72,298896.56,100%,70% cprefix=s3testqwer containers=u(1-20) objects=u(1-300)
w35-s3-main-1worker-2,write,1880,7520000,1,14.2,14.2,20,20,20,20,30,220,31.34,125345.87,100%,30% cprefix=s3testqwer containers=u(1-20) objects=u(301-400) sizes=c(4)KB
w35-s4-main-4workers-1,read,9094,36376000,4,15.23,14.6,20,20,30,30,30,280,151.6,606406.35,100%,70% cprefix=s3testqwer containers=u(1-20) objects=u(1-300)
w35-s4-main-4workers-2,write,3871,15484000,4,26.06,26.06,30,40,40,40,50,300,64.53,258127.72,100%,30% cprefix=s3testqwer containers=u(1-20) objects=u(401-500) sizes=c(4)KB
w35-s5-main-8workers-1,read,9993,39972000,8,29.06,28.17,40,40,40,50,50,90,166.6,666412.55,100%,70% cprefix=s3testqwer containers=u(1-20) objects=u(1-300)
w35-s5-main-8workers-2,write,4125,16500000,8,45.81,45.81,50,60,60,70,80,110,68.77,275086.87,100%,30% cprefix=s3testqwer containers=u(1-20) objects=u(501-600) sizes=c(4)KB
w35-s6-main-16workers-1,read,11207,44828000,16,51.91,50.6,60,70,70,80,90,140,186.89,747552.86,100%,70% cprefix=s3testqwer containers=u(1-20) objects=u(1-300)
w35-s6-main-16workers-2,write,4740,18960000,16,79.55,79.54,90,100,110,110,130,160,79.04,316178.15,100%,30% cprefix=s3testqwer containers=u(1-20) objects=u(601-700) sizes=c(4)KB
w35-s7-main-32workers-1,read,11772,47088000,32,96.13,94.26,110,120,130,150,170,310,196.46,785829.88,100%,70% cprefix=s3testqwer containers=u(1-20) objects=u(1-300)
w35-s7-main-32workers-2,write,5052,20208000,32,155.43,155.43,170,190,210,230,280,390,84.31,337240.44,100%,30% cprefix=s3testqwer containers=u(1-20) objects=u(701-800) sizes=c(4)KB
w35-s8-main-64workers-1,read,13102,52408000,64,140.38,139.41,150,220,280,340,440,630,218.94,875752.59,100%,70% cprefix=s3testqwer containers=u(1-20) objects=u(1-300)
w35-s8-main-64workers-2,write,5563,22252000,64,357.73,357.73,400,530,630,720,890,1120,92.96,371836.95,100%,30% cprefix=s3testqwer containers=u(1-20) objects=u(801-900) sizes=c(4)KB
w35-s9-main-128workers-1,read,13276,53104000,128,271.91,271.04,270,440,600,740,1030,1490,222.92,891677.54,100%,70% cprefix=s3testqwer containers=u(1-20) objects=u(1-300)
w35-s9-main-128workers-2,write,5676,22704000,128,706.76,706.76,780,1080,1320,1550,1960,2660,95.33,381303.23,100%,30% cprefix=s3testqwer containers=u(1-20) objects=u(901-1000) sizes=c(4)KB
w35-s10-main-256workers-1,read,14268,57072000,256,498.18,497.38,540,820,1070,1290,1720,2350,240.91,963648.14,100%,70% cprefix=s3testqwer containers=u(1-20) objects=u(1-300)
w35-s10-main-256workers-2,write,6075,24300000,256,1325.56,1325.56,1500,1980,2400,2690,3350,4770,102.57,410291.85,100%,30% cprefix=s3testqwer containers=u(1-20) objects=u(1001-1100) sizes=c(4)KB
w35-s11-main-512workers-1,read,13855,55420000,512,1032.94,1032.22,1070,1720,2210,2660,3670,4710,236.61,946457.84,100%,70% cprefix=s3testqwer containers=u(1-20) objects=u(1-300)
w35-s11-main-512workers-2,write,5784,23136000,512,2709.34,2709.34,2990,4060,5030,5780,7120,11010,98.77,395071.24,100%,30% cprefix=s3testqwer containers=u(1-20) objects=u(1101-1200) sizes=c(4)KB
w35-s12-cleanup-1,cleanup-delete,24000,0,16,70.47,70.47,80,90,100,110,120,180,227.2,0,100%,100% cprefix=s3testqwer containers=r(1-20) objects=r(1-1200) cprefix=s3testqwer containers=r(1-20) objects=r(1-1200) cprefix=s3testqwer containers=r(1-20) objects=r(1-1200) deleteContainer=false cprefix=s3testqwer containers=r(1-20) objects=r(1-1200)
w35-s13-dispose-1,dispose-delete,0,0,16,N/A,N/A,N/A,N/A,N/A,N/A,N/A,N/A,0,0,N/A,100% cprefix=s3testqwer containers=r(1-20) cprefix=s3testqwer containers=r(1-20) cprefix=s3testqwer containers=r(1-20) objects=r(0-0) sizes=c(0)B cprefix=s3testqwer containers=r(1-20)
w36-s1-init-1,init-write,0,0,1,N/A,N/A,N/A,N/A,N/A,N/A,N/A,N/A,0,0,N/A,100% cprefix=s3testqwer containers=r(1-20) cprefix=s3testqwer containers=r(1-20) cprefix=s3testqwer containers=r(1-20) objects=r(0-0) sizes=c(0)B cprefix=s3testqwer containers=r(1-20)
w36-s2-prepare-1,prepare-write,6000,384000000,16,89.37,87.22,100,110,120,130,150,210,178.99,11455061.6,100%,100% cprefix=s3testqwer containers=r(1-20) objects=r(1-300) sizes=c(64)KB cprefix=s3testqwer containers=r(1-20) objects=r(1-300) sizes=c(64)KB cprefix=s3testqwer containers=r(1-20) objects=r(1-300) sizes=c(64)KB createContainer=false cprefix=s3testqwer containers=r(1-20) objects=r(1-300) sizes=c(64)KB
w36-s3-main-1worker-1,read,3639,232896000,1,9.47,7.37,10,20,20,20,20,70,60.65,3881729.39,100%,70% cprefix=s3testqwer containers=u(1-20) objects=u(1-300)
w36-s3-main-1worker-2,write,1577,100928000,1,16.12,14.11,20,20,30,30,30,40,26.28,1682189.41,100%,30% cprefix=s3testqwer containers=u(1-20) objects=u(301-400) sizes=c(64)KB
w36-s4-main-4workers-1,read,7577,484928000,4,18.44,15.72,20,30,30,30,40,270,126.32,8084249.37,100%,70% cprefix=s3testqwer containers=u(1-20) objects=u(1-300)
w36-s4-main-4workers-2,write,3257,208448000,4,30.65,28.6,40,40,50,50,60,230,54.3,3475030.2,100%,30% cprefix=s3testqwer containers=u(1-20) objects=u(401-500) sizes=c(64)KB
w36-s5-main-8workers-1,read,8142,521088000,8,35.27,31.63,40,50,50,60,70,280,135.76,8688394.85,100%,70% cprefix=s3testqwer containers=u(1-20) objects=u(1-300)
w36-s5-main-8workers-2,write,3361,215104000,8,57.21,55.02,70,70,80,80,90,280,56.04,3586546.94,100%,30% cprefix=s3testqwer containers=u(1-20) objects=u(501-600) sizes=c(64)KB
w36-s6-main-16workers-1,read,8979,574656000,16,62.9,58.23,70,80,90,100,110,460,149.76,9584716.74,100%,70% cprefix=s3testqwer containers=u(1-20) objects=u(1-300)
w36-s6-main-16workers-2,write,3840,245760000,16,102.64,100.4,110,120,130,140,160,470,64.05,4099065.99,100%,30% cprefix=s3testqwer containers=u(1-20) objects=u(601-700) sizes=c(64)KB
w36-s7-main-32workers-1,read,9616,615424000,32,116.06,111.34,130,160,190,210,260,380,160.55,10275150.32,100%,70% cprefix=s3testqwer containers=u(1-20) objects=u(1-300)
w36-s7-main-32workers-2,write,4128,264192000,32,193.83,191.52,210,240,280,300,380,530,68.92,4410930.37,100%,30% cprefix=s3testqwer containers=u(1-20) objects=u(701-800) sizes=c(64)KB
w36-s8-main-64workers-1,read,10431,667584000,64,197.1,193.07,240,340,400,450,540,780,174.63,11176375.58,100%,70% cprefix=s3testqwer containers=u(1-20) objects=u(1-300)
w36-s8-main-64workers-2,write,4377,280128000,64,403.54,401.13,470,640,750,840,1030,1380,73.28,4690066.71,100%,30% cprefix=s3testqwer containers=u(1-20) objects=u(801-900) sizes=c(64)KB
w36-s9-main-128workers-1,read,10840,693760000,128,357.94,353.81,420,670,820,930,1120,1510,182.29,11666468.66,100%,70% cprefix=s3testqwer containers=u(1-20) objects=u(1-300)
w36-s9-main-128workers-2,write,4438,284032000,128,840.58,838.04,1010,1440,1720,1920,2320,3050,74.64,4776975.92,100%,30% cprefix=s3testqwer containers=u(1-20) objects=u(901-1000) sizes=c(64)KB
w36-s10-main-256workers-1,read,11093,709952000,256,663.05,659.27,810,1300,1600,1870,2390,3130,188.25,12047896.44,100%,70% cprefix=s3testqwer containers=u(1-20) objects=u(1-300)
w36-s10-main-256workers-2,write,4743,303552000,256,1630.63,1628.07,2030,2840,3530,4010,4930,6420,80.47,5149980.88,100%,30% cprefix=s3testqwer containers=u(1-20) objects=u(1001-1100) sizes=c(64)KB
w36-s11-main-512workers-1,read,9397,601408000,512,1543.6,1540.28,1770,2810,3430,3970,5270,6440,162.5,10399982.04,100%,70% cprefix=s3testqwer containers=u(1-20) objects=u(1-300)
w36-s11-main-512workers-2,write,3835,245440000,512,3939.1,3936.08,4690,6430,7550,8610,10390,13660,66.35,4246402.23,100%,30% cprefix=s3testqwer containers=u(1-20) objects=u(1101-1200) sizes=c(64)KB
w36-s12-cleanup-1,cleanup-delete,24000,0,16,69.3,69.3,80,90,100,110,130,190,231.08,0,100%,100% cprefix=s3testqwer containers=r(1-20) objects=r(1-1200) cprefix=s3testqwer containers=r(1-20) objects=r(1-1200) cprefix=s3testqwer containers=r(1-20) objects=r(1-1200) deleteContainer=false cprefix=s3testqwer containers=r(1-20) objects=r(1-1200)
w36-s13-dispose-1,dispose-delete,0,0,16,N/A,N/A,N/A,N/A,N/A,N/A,N/A,N/A,0,0,N/A,100% cprefix=s3testqwer containers=r(1-20) cprefix=s3testqwer containers=r(1-20) cprefix=s3testqwer containers=r(1-20) objects=r(0-0) sizes=c(0)B cprefix=s3testqwer containers=r(1-20)
w37-s1-init-1,init-write,0,0,1,N/A,N/A,N/A,N/A,N/A,N/A,N/A,N/A,0,0,N/A,100% cprefix=s3testqwer containers=r(1-20) cprefix=s3testqwer containers=r(1-20) cprefix=s3testqwer containers=r(1-20) objects=r(0-0) sizes=c(0)B cprefix=s3testqwer containers=r(1-20)
w37-s2-prepare-1,prepare-write,6000,768000000,16,106.87,102.28,120,130,140,150,180,340,149.63,19152399.91,100%,100% cprefix=s3testqwer containers=r(1-20) objects=r(1-300) sizes=c(128)KB cprefix=s3testqwer containers=r(1-20) objects=r(1-300) sizes=c(128)KB cprefix=s3testqwer containers=r(1-20) objects=r(1-300) sizes=c(128)KB createContainer=false cprefix=s3testqwer containers=r(1-20) objects=r(1-300) sizes=c(128)KB
w37-s3-main-1worker-1,read,3109,397952000,1,11.29,8.01,20,20,20,20,20,30,51.82,6632533.33,100%,70% cprefix=s3testqwer containers=u(1-20) objects=u(1-300)
w37-s3-main-1worker-2,write,1373,175744000,1,17.99,13.81,20,20,30,30,30,80,22.88,2929066.67,100%,30% cprefix=s3testqwer containers=u(1-20) objects=u(301-400) sizes=c(128)KB
w37-s4-main-4workers-1,read,6451,825728000,4,22.36,17.65,30,30,30,40,60,280,107.56,13768090.9,100%,70% cprefix=s3testqwer containers=u(1-20) objects=u(1-300)
w37-s4-main-4workers-2,write,2749,351872000,4,34.69,30.36,40,50,50,50,60,270,45.84,5867022.86,100%,30% cprefix=s3testqwer containers=u(1-20) objects=u(401-500) sizes=c(128)KB
w37-s5-main-8workers-1,read,6764,865792000,8,41.68,34.98,50,60,60,70,100,290,112.79,14437594.36,100%,70% cprefix=s3testqwer containers=u(1-20) objects=u(1-300)
w37-s5-main-8workers-2,write,2951,377728000,8,66.92,62.32,70,80,90,100,110,290,49.21,6298805.61,100%,30% cprefix=s3testqwer containers=u(1-20) objects=u(501-600) sizes=c(128)KB
w37-s6-main-16workers-1,read,7434,951552000,16,74.54,64.31,80,90,100,110,140,510,124,15871699.74,100%,70% cprefix=s3testqwer containers=u(1-20) objects=u(1-300)
w37-s6-main-16workers-2,write,3260,417280000,16,124.18,119.42,130,150,160,170,190,300,54.38,6960063.6,100%,30% cprefix=s3testqwer containers=u(1-20) objects=u(601-700) sizes=c(128)KB
w37-s7-main-32workers-1,read,8057,1031296000,32,141.25,131.7,150,210,250,300,410,670,134.56,17223770.48,100%,70% cprefix=s3testqwer containers=u(1-20) objects=u(1-300)
w37-s7-main-32workers-2,write,3480,445440000,32,223.44,218.55,230,290,350,410,550,800,58.12,7439602.06,100%,30% cprefix=s3testqwer containers=u(1-20) objects=u(701-800) sizes=c(128)KB
w37-s8-main-64workers-1,read,8242,1054976000,64,269.89,260.97,250,430,600,790,1290,2040,138.07,17672637.9,100%,70% cprefix=s3testqwer containers=u(1-20) objects=u(1-300)
w37-s8-main-64workers-2,write,3402,435456000,64,468.92,462.94,390,660,990,1360,2330,3610,57,7295704.53,100%,30% cprefix=s3testqwer containers=u(1-20) objects=u(801-900) sizes=c(128)KB
w37-s9-main-128workers-1,read,8490,1086720000,128,448.44,439.63,550,840,1030,1170,1440,2350,142.98,18301560.23,100%,70% cprefix=s3testqwer containers=u(1-20) objects=u(1-300)
w37-s9-main-128workers-2,write,3534,452352000,128,1073.34,1067.88,1260,1780,2140,2470,3030,4370,59.52,7618471.6,100%,30% cprefix=s3testqwer containers=u(1-20) objects=u(901-1000) sizes=c(128)KB
w37-s10-main-256workers-1,read,8398,1074944000,256,850.1,840.94,1120,1700,2030,2300,2760,4200,143.49,18366712.91,100%,70% cprefix=s3testqwer containers=u(1-20) objects=u(1-300)
w37-s10-main-256workers-2,write,3455,442240000,256,2273.19,2265.75,2680,3940,4760,5370,6290,7920,58.99,7550234.14,100%,30% cprefix=s3testqwer containers=u(1-20) objects=u(1001-1100) sizes=c(128)KB
w37-s11-main-512workers-1,read,7890,1009920000,512,1811.75,1804.13,2260,3250,3900,4390,5490,6920,138.15,17682935.33,100%,70% cprefix=s3testqwer containers=u(1-20) objects=u(1-300)
w37-s11-main-512workers-2,write,3158,404224000,512,4728.6,4719.49,5500,7550,9190,10350,12430,15080,55.32,7081116.17,100%,30% cprefix=s3testqwer containers=u(1-20) objects=u(1101-1200) sizes=c(128)KB
w37-s12-cleanup-1,cleanup-delete,24000,0,16,67.94,67.94,80,90,100,100,120,180,235.76,0,100%,100% cprefix=s3testqwer containers=r(1-20) objects=r(1-1200) cprefix=s3testqwer containers=r(1-20) objects=r(1-1200) cprefix=s3testqwer containers=r(1-20) objects=r(1-1200) deleteContainer=false cprefix=s3testqwer containers=r(1-20) objects=r(1-1200)
w37-s13-dispose-1,dispose-delete,0,0,16,N/A,N/A,N/A,N/A,N/A,N/A,N/A,N/A,0,0,N/A,100% cprefix=s3testqwer containers=r(1-20) cprefix=s3testqwer containers=r(1-20) cprefix=s3testqwer containers=r(1-20) objects=r(0-0) sizes=c(0)B cprefix=s3testqwer containers=r(1-20)
w38-s1-init-1,init-write,0,0,1,N/A,N/A,N/A,N/A,N/A,N/A,N/A,N/A,0,0,N/A,100% cprefix=s3testqwer containers=r(1-20) cprefix=s3testqwer containers=r(1-20) cprefix=s3testqwer containers=r(1-20) objects=r(0-0) sizes=c(0)B cprefix=s3testqwer containers=r(1-20)
w38-s2-prepare-1,prepare-write,6000,6000000000,16,316.73,210.99,310,370,450,510,810,1940,50.5,50503582.52,100%,100% cprefix=s3testqwer containers=r(1-20) objects=r(1-300) sizes=c(1)MB cprefix=s3testqwer containers=r(1-20) objects=r(1-300) sizes=c(1)MB cprefix=s3testqwer containers=r(1-20) objects=r(1-300) sizes=c(1)MB createContainer=false cprefix=s3testqwer containers=r(1-20) objects=r(1-300) sizes=c(1)MB
w38-s3-main-1worker-1,read,880,880000000,1,41.35,13.65,50,50,50,60,70,80,14.68,14676450.97,100%,70% cprefix=s3testqwer containers=u(1-20) objects=u(1-300)
w38-s3-main-1worker-2,write,367,367000000,1,64.13,31.07,70,70,70,80,80,120,6.12,6120747.16,100%,30% cprefix=s3testqwer containers=u(1-20) objects=u(301-400) sizes=c(1)MB
w38-s4-main-4workers-1,read,1879,1879000000,4,83.82,31.12,80,90,110,250,330,830,31.36,31357284.21,100%,70% cprefix=s3testqwer containers=u(1-20) objects=u(1-300)
w38-s4-main-4workers-2,write,838,838000000,4,97.95,61.56,100,120,130,140,250,470,13.99,13985803.99,100%,30% cprefix=s3testqwer containers=u(1-20) objects=u(401-500) sizes=c(1)MB
w38-s5-main-8workers-1,read,2203,2203000000,8,146.66,58.89,130,170,310,360,530,1140,36.81,36811038.24,100%,70% cprefix=s3testqwer containers=u(1-20) objects=u(1-300)
w38-s5-main-8workers-2,write,939,939000000,8,165.64,109.97,170,200,230,320,410,770,15.69,15691833.62,100%,30% cprefix=s3testqwer containers=u(1-20) objects=u(501-600) sizes=c(1)MB
w38-s6-main-16workers-1,read,2416,2416000000,16,256.18,107.61,240,360,440,520,740,1640,40.37,40371414.72,100%,70% cprefix=s3testqwer containers=u(1-20) objects=u(1-300)
w38-s6-main-16workers-2,write,1011,1011000000,16,334.76,214.12,330,420,520,620,790,1290,16.89,16894142.82,100%,30% cprefix=s3testqwer containers=u(1-20) objects=u(601-700) sizes=c(1)MB
w38-s7-main-32workers-1,read,2463,2463000000,32,499.44,226.94,500,700,890,1090,1500,2170,41.28,41283830.2,100%,70% cprefix=s3testqwer containers=u(1-20) objects=u(1-300)
w38-s7-main-32workers-2,write,1052,1052000000,32,645.12,431.1,620,830,1070,1330,1870,2490,17.63,17633836.1,100%,30% cprefix=s3testqwer containers=u(1-20) objects=u(701-800) sizes=c(1)MB
w38-s8-main-64workers-1,read,2445,2445000000,64,972.49,462.53,760,1390,2570,3110,4160,6430,41.28,41276415.25,100%,70% cprefix=s3testqwer containers=u(1-20) objects=u(1-300)
w38-s8-main-64workers-2,write,1084,1084000000,64,1303.85,1060.89,930,1740,3100,4530,6370,8240,18.3,18297260.8,100%,30% cprefix=s3testqwer containers=u(1-20) objects=u(801-900) sizes=c(1)MB
w38-s9-main-128workers-1,read,2495,2495000000,128,1797.56,942.63,870,2080,6410,8480,9660,18290,45.29,45285173.39,100%,70% cprefix=s3testqwer containers=u(1-20) objects=u(1-300)
w38-s9-main-128workers-2,write,1001,1001000000,128,2581.37,2329.26,1000,2570,8230,15850,17970,30260,18.26,18256654.51,100%,30% cprefix=s3testqwer containers=u(1-20) objects=u(901-1000) sizes=c(1)MB
w38-s10-main-256workers-1,read,2406,2406000000,256,3541.47,1766.77,1440,6570,11530,14390,17470,30110,46.21,46210802.08,100%,70% cprefix=s3testqwer containers=u(1-20) objects=u(1-300)
w38-s10-main-256workers-2,write,950,950000000,256,5009.23,4670.35,2370,9300,14290,21680,30260,30620,18.46,18457168.56,100%,30% cprefix=s3testqwer containers=u(1-20) objects=u(1001-1100) sizes=c(1)MB
w38-s11-main-512workers-1,read,1746,1746000000,512,9489.42,5515.53,7310,13430,22860,25400,29180,42910,33.04,33042513.3,100%,70% cprefix=s3testqwer containers=u(1-20) objects=u(1-300)
w38-s11-main-512workers-2,write,650,650000000,512,15748.09,13755.26,13920,23580,30760,32020,34680,35130,12.45,12452216.87,100%,30% cprefix=s3testqwer containers=u(1-20) objects=u(1101-1200) sizes=c(1)MB
w38-s12-cleanup-1,cleanup-delete,24000,0,16,55.29,55.29,70,80,90,100,120,170,328.32,0,100%,100% cprefix=s3testqwer containers=r(1-20) objects=r(1-1200) cprefix=s3testqwer containers=r(1-20) objects=r(1-1200) cprefix=s3testqwer containers=r(1-20) objects=r(1-1200) deleteContainer=false cprefix=s3testqwer containers=r(1-20) objects=r(1-1200)
w38-s13-dispose-1,dispose-delete,0,0,16,N/A,N/A,N/A,N/A,N/A,N/A,N/A,N/A,0,0,N/A,100% cprefix=s3testqwer containers=r(1-20) cprefix=s3testqwer containers=r(1-20) cprefix=s3testqwer containers=r(1-20) objects=r(0-0) sizes=c(0)B cprefix=s3testqwer containers=r(1-20)
w39-s1-init-1,init-write,0,0,1,N/A,N/A,N/A,N/A,N/A,N/A,N/A,N/A,0,0,N/A,100% cprefix=s3testqwer containers=r(1-20) cprefix=s3testqwer containers=r(1-20) cprefix=s3testqwer containers=r(1-20) objects=r(0-0) sizes=c(0)B cprefix=s3testqwer containers=r(1-20)
w39-s2-prepare-1,prepare-write,6000,24000000000,16,1053.89,343.17,1080,1370,1640,1910,2500,4150,15.18,60738970.41,100%,100% cprefix=s3testqwer containers=r(1-20) objects=r(1-300) sizes=c(4)MB cprefix=s3testqwer containers=r(1-20) objects=r(1-300) sizes=c(4)MB cprefix=s3testqwer containers=r(1-20) objects=r(1-300) sizes=c(4)MB createContainer=false cprefix=s3testqwer containers=r(1-20) objects=r(1-300) sizes=c(4)MB
w39-s3-main-1worker-1,read,279,1116000000,1,138.82,14.16,140,150,150,160,180,220,4.66,18636029.66,100%,70% cprefix=s3testqwer containers=u(1-20) objects=u(1-300)
w39-s3-main-1worker-2,write,136,544000000,1,155.42,25.35,160,170,170,170,180,180,2.27,9084229.51,100%,30% cprefix=s3testqwer containers=u(1-20) objects=u(301-400) sizes=c(4)MB
w39-s4-main-4workers-1,read,647,2588000000,4,268.95,46.57,240,340,470,530,750,1050,10.79,43148981.02,100%,70% cprefix=s3testqwer containers=u(1-20) objects=u(1-300)
w39-s4-main-4workers-2,write,277,1108000000,4,237.76,73.73,220,250,310,480,620,920,4.62,18473517.39,100%,30% cprefix=s3testqwer containers=u(1-20) objects=u(401-500) sizes=c(4)MB
w39-s5-main-8workers-1,read,653,2612000000,8,522.36,78.99,550,720,880,1020,1420,1800,10.96,43849706.55,100%,70% cprefix=s3testqwer containers=u(1-20) objects=u(1-300)
w39-s5-main-8workers-2,write,283,1132000000,8,478.46,153.15,510,680,800,870,1040,1770,4.75,19004261.8,100%,30% cprefix=s3testqwer containers=u(1-20) objects=u(501-600) sizes=c(4)MB
w39-s6-main-16workers-1,read,790,3160000000,16,874.8,170.48,920,1160,1390,1640,2170,3110,13.3,53185400.08,100%,70% cprefix=s3testqwer containers=u(1-20) objects=u(1-300)
w39-s6-main-16workers-2,write,286,1144000000,16,907.64,313.69,920,1230,1530,1800,2290,3040,4.81,19255968.09,100%,30% cprefix=s3testqwer containers=u(1-20) objects=u(601-700) sizes=c(4)MB
w39-s7-main-32workers-1,read,775,3100000000,32,1679.76,393.21,1710,2300,2810,3230,4240,5350,13.12,52472799.97,100%,70% cprefix=s3testqwer containers=u(1-20) objects=u(1-300)
w39-s7-main-32workers-2,write,310,1240000000,32,1895.98,837.36,1830,2540,3430,4140,4750,6660,5.25,20999662.86,100%,30% cprefix=s3testqwer containers=u(1-20) objects=u(701-800) sizes=c(4)MB
w39-s8-main-64workers-1,read,741,2964000000,64,3167.94,1000.68,3070,4560,6210,7660,9490,12840,12.9,51613413.95,100%,70% cprefix=s3testqwer containers=u(1-20) objects=u(1-300)
w39-s8-main-64workers-2,write,318,1272000000,64,4205.09,2680.2,3540,6250,8940,11400,15350,17770,5.52,22068504.72,100%,30% cprefix=s3testqwer containers=u(1-20) objects=u(801-900) sizes=c(4)MB
w39-s9-main-128workers-1,read,535,2140000000,128,7447.55,3034.8,6320,8500,15690,20420,23450,36410,10.15,40604352.62,100%,70% cprefix=s3testqwer containers=u(1-20) objects=u(1-300)
w39-s9-main-128workers-2,write,171,684000000,128,16377.46,9275.09,14780,16830,20920,30390,37150,37930,3.22,12893862.91,100%,30% cprefix=s3testqwer containers=u(1-20) objects=u(901-1000) sizes=c(4)MB
w39-s10-main-256workers-1,read,716,2864000000,256,9053.12,4590.82,8500,11140,14710,16950,18880,25950,14.37,57470563.79,100%,70% cprefix=s3testqwer containers=u(1-20) objects=u(1-300)
w39-s10-main-256workers-2,write,236,944000000,256,27222.88,13987.35,27700,29680,31370,39030,44880,48330,4.59,18358386,100%,30% cprefix=s3testqwer containers=u(1-20) objects=u(1001-1100) sizes=c(4)MB
w39-s11-main-512workers-1,read,746,2984000000,512,18548.35,9393.94,19270,22550,26130,29080,33740,38470,21.19,84748188.44,100%,70% cprefix=s3testqwer containers=u(1-20) objects=u(1-300)
w39-s11-main-512workers-2,write,20,80000000,512,59304.95,31131.85,59770,59960,59990,60000,60000,60000,0.34,1349384.87,100%,30% cprefix=s3testqwer containers=u(1-20) objects=u(1101-1200) sizes=c(4)MB
w39-s12-cleanup-1,cleanup-delete,24000,0,16,50.77,50.77,60,70,90,100,110,170,317.63,0,100%,100% cprefix=s3testqwer containers=r(1-20) objects=r(1-1200) cprefix=s3testqwer containers=r(1-20) objects=r(1-1200) cprefix=s3testqwer containers=r(1-20) objects=r(1-1200) deleteContainer=false cprefix=s3testqwer containers=r(1-20) objects=r(1-1200)
w39-s13-dispose-1,dispose-delete,0,0,16,N/A,N/A,N/A,N/A,N/A,N/A,N/A,N/A,0,0,N/A,100% cprefix=s3testqwer containers=r(1-20) cprefix=s3testqwer containers=r(1-20) cprefix=s3testqwer containers=r(1-20) objects=r(0-0) sizes=c(0)B cprefix=s3testqwer containers=r(1-20)
w40-s1-init-1,init-write,0,0,1,N/A,N/A,N/A,N/A,N/A,N/A,N/A,N/A,0,0,N/A,100% cprefix=s3testqwer containers=r(1-20) cprefix=s3testqwer containers=r(1-20) cprefix=s3testqwer containers=r(1-20) objects=r(0-0) sizes=c(0)B cprefix=s3testqwer containers=r(1-20)
w40-s2-prepare-1,prepare-write,6000,48000000000,16,2009.46,417.57,2110,2640,3090,3480,4420,6990,7.96,63714053.35,100%,100% cprefix=s3testqwer containers=r(1-20) objects=r(1-300) sizes=c(8)MB cprefix=s3testqwer containers=r(1-20) objects=r(1-300) sizes=c(8)MB cprefix=s3testqwer containers=r(1-20) objects=r(1-300) sizes=c(8)MB createContainer=false cprefix=s3testqwer containers=r(1-20) objects=r(1-300) sizes=c(8)MB
w40-s3-main-1worker-1,read,144,1152000000,1,277.49,14.1,260,280,340,470,490,490,2.4,19227559.5,100%,70% cprefix=s3testqwer containers=u(1-20) objects=u(1-300)
w40-s3-main-1worker-2,write,72,576000000,1,276.96,25.17,290,290,290,300,320,330,1.2,9613779.75,100%,30% cprefix=s3testqwer containers=u(1-20) objects=u(301-400) sizes=c(8)MB
w40-s4-main-4workers-1,read,335,2680000000,4,500.33,50.14,510,620,760,840,1060,1270,5.61,44901804.81,100%,70% cprefix=s3testqwer containers=u(1-20) objects=u(1-300)
w40-s4-main-4workers-2,write,150,1200000000,4,474.15,80.77,470,590,690,830,1000,1170,2.51,20101555.68,100%,30% cprefix=s3testqwer containers=u(1-20) objects=u(401-500) sizes=c(8)MB
w40-s5-main-8workers-1,read,378,3024000000,8,855.95,103.15,890,1090,1270,1430,1760,2690,6.35,50766241.58,100%,70% cprefix=s3testqwer containers=u(1-20) objects=u(1-300)
w40-s5-main-8workers-2,write,157,1256000000,8,974.11,160.92,1020,1260,1460,1780,2110,2820,2.64,21082685.62,100%,30% cprefix=s3testqwer containers=u(1-20) objects=u(501-600) sizes=c(8)MB
w40-s6-main-16workers-1,read,371,2968000000,16,1545.96,179.87,1580,1930,2100,2410,2890,3510,6.3,50417755,100%,70% cprefix=s3testqwer containers=u(1-20) objects=u(1-300)
w40-s6-main-16workers-2,write,177,1416000000,16,2083.38,396.49,2120,2520,3050,3480,4370,4630,3.01,24051891.4,100%,30% cprefix=s3testqwer containers=u(1-20) objects=u(601-700) sizes=c(8)MB
w40-s7-main-32workers-1,read,320,2560000000,32,3676.73,487.59,4150,4670,5330,5940,6880,7540,5.51,44115215.46,100%,70% cprefix=s3testqwer containers=u(1-20) objects=u(1-300)
w40-s7-main-32workers-2,write,136,1088000000,32,5013.88,1129.05,5780,6360,6750,7040,7790,8900,2.34,18753478.73,100%,30% cprefix=s3testqwer containers=u(1-20) objects=u(701-800) sizes=c(8)MB
w40-s8-main-64workers-1,read,356,2848000000,64,5509.89,1327.75,5500,7450,9180,10600,12420,14140,6.33,50670421.3,100%,70% cprefix=s3testqwer containers=u(1-20) objects=u(1-300)
w40-s8-main-64workers-2,write,152,1216000000,64,10669.23,3725.83,10480,12530,14740,15900,19930,25040,2.73,21807408.45,100%,30% cprefix=s3testqwer containers=u(1-20) objects=u(801-900) sizes=c(8)MB
w40-s9-main-128workers-1,read,377,3016000000,128,8248.82,2684.42,8550,10620,11890,12560,14240,19430,7.39,59084269.93,100%,70% cprefix=s3testqwer containers=u(1-20) objects=u(1-300)
w40-s9-main-128workers-2,write,122,976000000,128,27446.58,9151.92,28910,30360,32910,36590,38870,38890,2.42,19332201.85,100%,30% cprefix=s3testqwer containers=u(1-20) objects=u(901-1000) sizes=c(8)MB
w40-s10-main-256workers-1,read,405,3240000000,256,17831.6,5877.14,18250,20960,23520,25500,28590,35770,10.91,87262217.99,100%,70% cprefix=s3testqwer containers=u(1-20) objects=u(1-300)
w40-s10-main-256workers-2,write,0,0,256,N/A,N/A,N/A,N/A,N/A,N/A,N/A,N/A,0,0,N/A,30% cprefix=s3testqwer containers=u(1-20) objects=u(1001-1100) sizes=c(8)MB
w40-s11-main-512workers-1,read,342,2736000000,512,30788.11,7537.56,35050,38850,40960,41580,45490,47030,11.27,90146635.21,92.68%,70% cprefix=s3testqwer containers=u(1-20) objects=u(1-300)
w40-s11-main-512workers-2,write,0,0,512,N/A,N/A,N/A,N/A,N/A,N/A,N/A,N/A,0,0,N/A,30% cprefix=s3testqwer containers=u(1-20) objects=u(1101-1200) sizes=c(8)MB
w40-s12-cleanup-1,cleanup-delete,24000,0,16,49.31,49.31,50,70,80,90,110,170,327.47,0,100%,100% cprefix=s3testqwer containers=r(1-20) objects=r(1-1200) cprefix=s3testqwer containers=r(1-20) objects=r(1-1200) cprefix=s3testqwer containers=r(1-20) objects=r(1-1200) deleteContainer=false cprefix=s3testqwer containers=r(1-20) objects=r(1-1200)
w40-s13-dispose-1,dispose-delete,0,0,16,N/A,N/A,N/A,N/A,N/A,N/A,N/A,N/A,0,0,N/A,100% cprefix=s3testqwer containers=r(1-20) cprefix=s3testqwer containers=r(1-20) cprefix=s3testqwer containers=r(1-20) objects=r(0-0) sizes=c(0)B cprefix=s3testqwer containers=r(1-20)
w41-s1-init-1,init-write,0,0,1,N/A,N/A,N/A,N/A,N/A,N/A,N/A,N/A,0,0,N/A,100% cprefix=s3testqwer containers=r(1-20) cprefix=s3testqwer containers=r(1-20) cprefix=s3testqwer containers=r(1-20) objects=r(0-0) sizes=c(0)B cprefix=s3testqwer containers=r(1-20)
w42-s1-init-1,init-write,0,0,1,N/A,N/A,N/A,N/A,N/A,N/A,N/A,N/A,0,0,N/A,100% cprefix=s3testqwer containers=r(1-20) cprefix=s3testqwer containers=r(1-20) cprefix=s3testqwer containers=r(1-20) objects=r(0-0) sizes=c(0)B cprefix=s3testqwer containers=r(1-20)
w43-s1-init-1,init-write,0,0,1,N/A,N/A,N/A,N/A,N/A,N/A,N/A,N/A,0,0,N/A,100% cprefix=s3testqwer containers=r(1-20) cprefix=s3testqwer containers=r(1-20) cprefix=s3testqwer containers=r(1-20) objects=r(0-0) sizes=c(0)B cprefix=s3testqwer containers=r(1-20)
w43-s2-prepare-1,prepare-write,6000,96000000000,16,3994.9,551.3,4220,5010,5650,6140,7020,11050,4.01,64081302.01,100%,100% cprefix=s3testqwer containers=r(1-20) objects=r(1-300) sizes=c(16)MB cprefix=s3testqwer containers=r(1-20) objects=r(1-300) sizes=c(16)MB cprefix=s3testqwer containers=r(1-20) objects=r(1-300) sizes=c(16)MB createContainer=false cprefix=s3testqwer containers=r(1-20) objects=r(1-300) sizes=c(16)MB
w43-s3-main-1worker-1,read,76,1216000000,1,547.78,19.16,550,640,680,730,770,830,1.27,20335808.42,100%,70% cprefix=s3testqwer containers=u(1-20) objects=u(1-300)
w43-s3-main-1worker-2,write,35,560000000,1,518.83,28.8,520,540,550,570,570,570,0.59,9365174.93,100%,30% cprefix=s3testqwer containers=u(1-20) objects=u(301-400) sizes=c(16)MB
w43-s4-main-4workers-1,read,168,2688000000,4,960.52,64.15,970,1130,1340,1400,1620,1850,2.82,45093794.44,100%,70% cprefix=s3testqwer containers=u(1-20) objects=u(1-300)
w43-s4-main-4workers-2,write,75,1200000000,4,1028.16,149.72,1070,1330,1480,1540,1700,1710,1.26,20124951.6,100%,30% cprefix=s3testqwer containers=u(1-20) objects=u(401-500) sizes=c(16)MB
w43-s5-main-8workers-1,read,185,2960000000,8,1529.94,151.78,1630,1860,2040,2150,2490,2800,3.14,50194486.8,100%,70% cprefix=s3testqwer containers=u(1-20) objects=u(1-300)
w43-s5-main-8workers-2,write,85,1360000000,8,2215.82,343.93,2320,2960,3420,3640,3860,4190,1.44,23100773.55,100%,30% cprefix=s3testqwer containers=u(1-20) objects=u(501-600) sizes=c(16)MB
w43-s6-main-16workers-1,read,202,3232000000,16,2845.61,404.6,2930,3530,4130,4520,5350,5940,3.46,55351643.81,100%,70% cprefix=s3testqwer containers=u(1-20) objects=u(1-300)
w43-s6-main-16workers-2,write,77,1232000000,16,4665.13,641.25,4910,5660,6170,6420,7710,9140,1.32,21104489.61,100%,30% cprefix=s3testqwer containers=u(1-20) objects=u(601-700) sizes=c(16)MB
w43-s7-main-32workers-1,read,203,3248000000,32,4936.03,738.48,5100,6190,6950,8000,10810,12700,3.66,58517694.82,100%,70% cprefix=s3testqwer containers=u(1-20) objects=u(1-300)
w43-s7-main-32workers-2,write,73,1168000000,32,10748.36,2993.15,10820,13480,14690,16890,18740,21560,1.29,20691454.53,100%,30% cprefix=s3testqwer containers=u(1-20) objects=u(701-800) sizes=c(16)MB
w43-s8-main-64workers-1,read,173,2768000000,64,8584.27,1644.89,8990,11590,14290,14980,16620,17970,3.36,53831411.32,100%,70% cprefix=s3testqwer containers=u(1-20) objects=u(1-300)
w43-s8-main-64workers-2,write,78,1248000000,64,22926.37,4360.55,22790,24080,26420,27980,33340,37350,1.54,24592906.37,100%,30% cprefix=s3testqwer containers=u(1-20) objects=u(801-900) sizes=c(16)MB
w43-s9-main-128workers-1,read,222,3552000000,128,16505.52,3105.48,17470,20340,21330,21860,22580,23260,6.29,100662761.39,100%,70% cprefix=s3testqwer containers=u(1-20) objects=u(1-300)
w43-s9-main-128workers-2,write,0,0,128,N/A,N/A,N/A,N/A,N/A,N/A,N/A,N/A,0,0,N/A,30% cprefix=s3testqwer containers=u(1-20) objects=u(901-1000) sizes=c(16)MB
w43-s10-main-256workers-1,read,189,3024000000,256,36190.92,5049.7,38870,41840,43590,44380,45950,46210,5.03,80411950.65,100%,70% cprefix=s3testqwer containers=u(1-20) objects=u(1-300)
w43-s10-main-256workers-2,write,0,0,256,N/A,N/A,N/A,N/A,N/A,N/A,N/A,N/A,0,0,N/A,30% cprefix=s3testqwer containers=u(1-20) objects=u(1001-1100) sizes=c(16)MB
w43-s11-main-512workers-1,read,19,304000000,512,52763.79,2691.42,54020,57280,58000,58920,58920,59830,0.36,5807497.93,29.69%,70% cprefix=s3testqwer containers=u(1-20) objects=u(1-300)
w43-s11-main-512workers-2,write,0,0,512,N/A,N/A,N/A,N/A,N/A,N/A,N/A,N/A,0,0,N/A,30% cprefix=s3testqwer containers=u(1-20) objects=u(1101-1200) sizes=c(16)MB
w44-s1-init-1,init-write,0,0,1,N/A,N/A,N/A,N/A,N/A,N/A,N/A,N/A,0,0,N/A,100% cprefix=s3testqwer containers=r(1-20) cprefix=s3testqwer containers=r(1-20) cprefix=s3testqwer containers=r(1-20) objects=r(0-0) sizes=c(0)B cprefix=s3testqwer containers=r(1-20)
w44-s2-prepare-1,prepare-write,6000,192000000000,16,8122.1,670.23,8460,9710,10750,11650,12620,15610,1.97,63051628.26,100%,100% cprefix=s3testqwer containers=r(1-20) objects=r(1-300) sizes=c(32)MB cprefix=s3testqwer containers=r(1-20) objects=r(1-300) sizes=c(32)MB cprefix=s3testqwer containers=r(1-20) objects=r(1-300) sizes=c(32)MB createContainer=false cprefix=s3testqwer containers=r(1-20) objects=r(1-300) sizes=c(32)MB
w44-s3-main-1worker-1,read,37,1184000000,1,978.16,29.49,970,1050,1150,1180,1300,1410,0.62,19901501.02,100%,70% cprefix=s3testqwer containers=u(1-20) objects=u(1-300)
w44-s3-main-1worker-2,write,22,704000000,1,1058.86,30.18,1050,1080,1150,1180,1200,1250,0.37,11833324.93,100%,30% cprefix=s3testqwer containers=u(1-20) objects=u(301-400) sizes=c(32)MB
w44-s4-main-4workers-1,read,96,3072000000,4,1620.78,91.75,1600,1880,2090,2180,2490,2620,1.62,51959983.94,100%,70% cprefix=s3testqwer containers=u(1-20) objects=u(1-300)
w44-s4-main-4workers-2,write,36,1152000000,4,2243.92,114.92,2360,2550,2710,2790,3100,3180,0.61,19550122.26,100%,30% cprefix=s3testqwer containers=u(1-20) objects=u(401-500) sizes=c(32)MB
w44-s5-main-8workers-1,read,92,2944000000,8,3233.33,191.32,3300,4290,4530,4890,5440,6610,1.59,50895259.14,100%,70% cprefix=s3testqwer containers=u(1-20) objects=u(1-300)
w44-s5-main-8workers-2,write,30,960000000,8,5483.7,418.8,5850,6580,6910,7110,7820,7980,0.52,16664985.98,100%,30% cprefix=s3testqwer containers=u(1-20) objects=u(501-600) sizes=c(32)MB
w44-s6-main-16workers-1,read,97,3104000000,16,5211.41,421.95,5190,6230,7760,8690,9460,10130,1.73,55286766.64,100%,70% cprefix=s3testqwer containers=u(1-20) objects=u(1-300)
w44-s6-main-16workers-2,write,35,1120000000,16,11340.4,1252.26,11740,12830,13660,15540,16140,16190,0.62,19693587.43,100%,30% cprefix=s3testqwer containers=u(1-20) objects=u(601-700) sizes=c(32)MB
w44-s7-main-32workers-1,read,99,3168000000,32,8745.71,930.92,9030,10200,11120,11990,13450,14170,1.91,60988217.05,100%,70% cprefix=s3testqwer containers=u(1-20) objects=u(1-300)
w44-s7-main-32workers-2,write,33,1056000000,32,24262.79,2385.48,24930,26080,26720,27820,30570,30920,0.64,20494854.98,100%,30% cprefix=s3testqwer containers=u(1-20) objects=u(701-800) sizes=c(32)MB
w44-s8-main-64workers-1,read,100,3200000000,64,15493.76,1578.06,16570,18240,19150,19420,21680,23310,2.75,87892712.37,100%,70% cprefix=s3testqwer containers=u(1-20) objects=u(1-300)
w44-s8-main-64workers-2,write,12,384000000,64,59275.08,2806.42,59230,59560,59760,59900,59900,59970,0.2,6478606.72,100%,30% cprefix=s3testqwer containers=u(1-20) objects=u(801-900) sizes=c(32)MB
w44-s9-main-128workers-1,read,98,3136000000,128,35092.71,1816.8,36500,37980,39190,40910,43110,43320,2.55,81583899.5,100%,70% cprefix=s3testqwer containers=u(1-20) objects=u(1-300)
w44-s9-main-128workers-2,write,0,0,128,N/A,N/A,N/A,N/A,N/A,N/A,N/A,N/A,0,0,N/A,30% cprefix=s3testqwer containers=u(1-20) objects=u(901-1000) sizes=c(32)MB
w44-s10-main-256workers-1,read,9,288000000,256,52182.67,1186.33,56310,57650,58150,58150,58150,59260,0.18,5715523.47,100%,70% cprefix=s3testqwer containers=u(1-20) objects=u(1-300)
w44-s10-main-256workers-2,write,0,0,256,N/A,N/A,N/A,N/A,N/A,N/A,N/A,N/A,0,0,N/A,30% cprefix=s3testqwer containers=u(1-20) objects=u(1001-1100) sizes=c(32)MB
w44-s11-main-512workers-1,read,0,0,223,N/A,N/A,N/A,N/A,N/A,N/A,N/A,N/A,0,0,N/A,70% cprefix=s3testqwer containers=u(1-20) objects=u(1-300)
w44-s11-main-512workers-2,write,0,0,223,N/A,N/A,N/A,N/A,N/A,N/A,N/A,N/A,0,0,N/A,30% cprefix=s3testqwer containers=u(1-20) objects=u(1101-1200) sizes=c(32)MB
w45-s1-init-1,init-write,0,0,1,N/A,N/A,N/A,N/A,N/A,N/A,N/A,N/A,0,0,N/A,100% cprefix=s3testqwer containers=r(1-10) cprefix=s3testqwer containers=r(1-10) cprefix=s3testqwer containers=r(1-10) objects=r(0-0) sizes=c(0)B cprefix=s3testqwer containers=r(1-10)
w45-s2-prepare-1,prepare-write,5000,20000000,16,79.49,79.49,90,100,110,120,150,200,201.71,806846.98,100%,100% cprefix=s3testqwer containers=r(1-10) objects=r(1-500) sizes=c(4)KB cprefix=s3testqwer containers=r(1-10) objects=r(1-500) sizes=c(4)KB cprefix=s3testqwer containers=r(1-10) objects=r(1-500) sizes=c(4)KB createContainer=false cprefix=s3testqwer containers=r(1-10) objects=r(1-500) sizes=c(4)KB
w45-s3-main-1worker-1,read,9336,37344000,1,6.97,6.46,10,10,10,20,20,30,77.81,311238.9,100%,70% cprefix=s3testqwer containers=u(1-10) objects=u(1-500)
w45-s3-main-1worker-2,write,4096,16384000,1,13.3,13.3,20,20,20,20,30,40,34.14,136550.4,100%,30% cprefix=s3testqwer containers=u(1-10) objects=u(501-600) sizes=c(4)KB
w45-s4-main-4workers-1,read,19062,76248000,4,14.18,13.57,20,20,20,30,30,50,158.86,635452.7,100%,70% cprefix=s3testqwer containers=u(1-10) objects=u(1-500)
w45-s4-main-4workers-2,write,8298,33192000,4,25.17,25.17,30,40,40,40,50,60,69.16,276623.06,100%,30% cprefix=s3testqwer containers=u(1-10) objects=u(601-700) sizes=c(4)KB
w45-s5-main-8workers-1,read,19210,76840000,8,29.14,28.25,40,40,40,50,60,90,160.12,640482.26,100%,70% cprefix=s3testqwer containers=u(1-10) objects=u(1-300)
w45-s5-main-8workers-2,write,8395,33580000,8,47.56,47.56,50,60,70,70,80,110,69.97,279897.88,100%,30% cprefix=s3testqwer containers=u(1-10) objects=u(701-800) sizes=c(4)KB
w45-s6-main-16workers-1,read,20463,81852000,16,55.23,53.89,60,70,80,80,100,140,170.62,682479.83,100%,70% cprefix=s3testqwer containers=u(1-10) objects=u(1-500)
w45-s6-main-16workers-2,write,8912,35648000,16,88.41,88.4,100,110,110,120,140,200,74.31,297230.81,100%,30% cprefix=s3testqwer containers=u(1-10) objects=u(801-900) sizes=c(4)KB
w45-s7-main-32workers-1,read,22036,88144000,32,103.4,101.3,110,130,140,150,170,320,183.83,735320.97,100%,70% cprefix=s3testqwer containers=u(1-10) objects=u(1-500)
w45-s7-main-32workers-2,write,9492,37968000,32,163.96,163.96,170,190,210,220,250,340,79.18,316737.3,100%,30% cprefix=s3testqwer containers=u(1-10) objects=u(901-1000) sizes=c(4)KB
w45-s8-main-64workers-1,read,24439,97756000,64,150.57,149.43,170,230,290,340,430,600,204.26,817037.89,100%,70% cprefix=s3testqwer containers=u(1-10) objects=u(1-500)
w45-s8-main-64workers-2,write,10484,41936000,64,379.3,379.3,420,540,630,710,850,1170,87.62,350495.79,100%,30% cprefix=s3testqwer containers=u(1-10) objects=u(1001-1100) sizes=c(4)KB
w45-s9-main-128workers-1,read,24721,98884000,128,284.2,283.2,270,460,630,780,1070,1640,207.31,829247.01,100%,70% cprefix=s3testqwer containers=u(1-10) objects=u(1-500)
w45-s9-main-128workers-2,write,10363,41452000,128,794.78,794.78,860,1200,1480,1710,2140,3170,86.91,347624.86,100%,30% cprefix=s3testqwer containers=u(1-10) objects=u(1100-1200) sizes=c(4)KB
w45-s10-main-256workers-1,read,24028,96112000,256,540.78,539.72,440,1010,1380,1710,2420,3280,203.5,814011.06,100%,70% cprefix=s3testqwer containers=u(1-10) objects=u(1-500)
w45-s10-main-256workers-2,write,10119,40476000,256,1702.66,1702.66,1880,2810,3380,3860,4640,6320,85.71,342857.92,100%,30% cprefix=s3testqwer containers=u(1-10) objects=u(1201-1300) sizes=c(4)KB
w45-s11-main-512workers-1,read,22255,89020000,512,1181.68,1180.81,1200,1950,2580,3150,4580,6520,191.08,764336.54,100%,70% cprefix=s3testqwer containers=u(1-10) objects=u(1-500)
w45-s11-main-512workers-2,write,9333,37332000,512,3571.31,3571.31,3920,5260,6340,7240,9020,12380,80.15,320609.45,100%,30% cprefix=s3testqwer containers=u(1-10) objects=u(1301-1400) sizes=c(4)KB
w45-s12-cleanup-1,cleanup-delete,14000,0,16,73.38,73.38,80,90,100,110,130,180,218.13,0,100%,100% cprefix=s3testqwer containers=r(1-10) objects=r(1-1400) cprefix=s3testqwer containers=r(1-10) objects=r(1-1400) cprefix=s3testqwer containers=r(1-10) objects=r(1-1400) deleteContainer=false cprefix=s3testqwer containers=r(1-10) objects=r(1-1400)
w45-s13-dispose-1,dispose-delete,0,0,16,N/A,N/A,N/A,N/A,N/A,N/A,N/A,N/A,0,0,N/A,100% cprefix=s3testqwer containers=r(1-10) cprefix=s3testqwer containers=r(1-10) cprefix=s3testqwer containers=r(1-10) objects=r(0-0) sizes=c(0)B cprefix=s3testqwer containers=r(1-10)
w46-s1-init-1,init-write,0,0,1,N/A,N/A,N/A,N/A,N/A,N/A,N/A,N/A,0,0,N/A,100% cprefix=s3testqwer containers=r(1-10) cprefix=s3testqwer containers=r(1-10) cprefix=s3testqwer containers=r(1-10) objects=r(0-0) sizes=c(0)B cprefix=s3testqwer containers=r(1-10)
w46-s2-prepare-1,prepare-write,5000,320000000,16,93.05,90.87,100,110,120,130,150,350,171.88,11000465.82,100%,100% cprefix=s3testqwer containers=r(1-10) objects=r(1-500) sizes=c(64)KB cprefix=s3testqwer containers=r(1-10) objects=r(1-500) sizes=c(64)KB cprefix=s3testqwer containers=r(1-10) objects=r(1-500) sizes=c(64)KB createContainer=false cprefix=s3testqwer containers=r(1-10) objects=r(1-500) sizes=c(64)KB
w46-s3-main-1worker-1,read,7497,479808000,1,9.04,6.96,10,10,20,20,20,40,62.48,3998666.58,100%,70% cprefix=s3testqwer containers=u(1-10) objects=u(1-500)
w46-s3-main-1worker-2,write,3299,211136000,1,15.75,13.73,20,20,20,20,30,30,27.49,1759583.97,100%,30% cprefix=s3testqwer containers=u(1-10) objects=u(501-600) sizes=c(64)KB
w46-s4-main-4workers-1,read,15835,1013440000,4,17.56,14.97,20,30,30,30,40,260,131.98,8446676.93,100%,70% cprefix=s3testqwer containers=u(1-10) objects=u(1-500)
w46-s4-main-4workers-2,write,6798,435072000,4,29.59,27.44,40,40,40,50,50,80,56.66,3626166.22,100%,30% cprefix=s3testqwer containers=u(1-10) objects=u(601-700) sizes=c(64)KB
w46-s5-main-8workers-1,read,16257,1040448000,8,34.42,30.88,40,50,50,60,60,270,135.52,8672990.75,100%,70% cprefix=s3testqwer containers=u(1-10) objects=u(1-300)
w46-s5-main-8workers-2,write,6990,447360000,8,57.15,54.94,60,70,80,80,90,280,58.27,3729115.5,100%,30% cprefix=s3testqwer containers=u(1-10) objects=u(701-800) sizes=c(64)KB
w46-s6-main-16workers-1,read,16832,1077248000,16,66.17,61.47,70,80,90,100,120,450,140.36,8982962.11,100%,70% cprefix=s3testqwer containers=u(1-10) objects=u(1-500)
w46-s6-main-16workers-2,write,7244,463616000,16,111.01,108.72,120,130,140,150,170,280,60.41,3865995.23,100%,30% cprefix=s3testqwer containers=u(1-10) objects=u(801-900) sizes=c(64)KB
w46-s7-main-32workers-1,read,18181,1163584000,32,120.92,115.23,130,160,170,190,230,420,151.71,9709131.23,100%,70% cprefix=s3testqwer containers=u(1-10) objects=u(1-500)
w46-s7-main-32workers-2,write,7787,498368000,32,210.05,207.68,220,250,280,300,350,500,64.98,4158435.08,100%,30% cprefix=s3testqwer containers=u(1-10) objects=u(901-1000) sizes=c(64)KB
w46-s8-main-64workers-1,read,19606,1254784000,64,198.3,194.4,230,300,360,410,500,790,163.98,10494651.45,100%,70% cprefix=s3testqwer containers=u(1-10) objects=u(1-500)
w46-s8-main-64workers-2,write,8538,546432000,64,440.76,438.38,490,620,720,800,950,1380,71.41,4570291.04,100%,30% cprefix=s3testqwer containers=u(1-10) objects=u(1001-1100) sizes=c(64)KB
w46-s9-main-128workers-1,read,19132,1224448000,128,380.63,376.7,440,590,710,820,1030,1430,160.58,10277054.1,100%,70% cprefix=s3testqwer containers=u(1-10) objects=u(1-500)
w46-s9-main-128workers-2,write,8251,528064000,128,965.66,963.21,1100,1390,1610,1790,2140,3230,69.25,4431851.53,100%,30% cprefix=s3testqwer containers=u(1-10) objects=u(1100-1200) sizes=c(64)KB
w46-s10-main-256workers-1,read,19219,1230016000,256,732.46,728.41,700,1360,1750,2060,2770,3890,163.13,10440353.86,100%,70% cprefix=s3testqwer containers=u(1-10) objects=u(1-500)
w46-s10-main-256workers-2,write,8058,515712000,256,1995.94,1993.47,2250,3250,4020,4570,5620,7220,68.39,4377274.41,100%,30% cprefix=s3testqwer containers=u(1-10) objects=u(1201-1300) sizes=c(64)KB
w46-s11-main-512workers-1,read,17610,1127040000,512,1545.59,1542.17,1620,2570,3280,4020,5490,7700,151.74,9711623.41,100%,70% cprefix=s3testqwer containers=u(1-10) objects=u(1-500)
w46-s11-main-512workers-2,write,7466,477824000,512,4315.91,4313.27,4770,6510,7870,8950,11240,15020,64.3,4115171.61,100%,30% cprefix=s3testqwer containers=u(1-10) objects=u(1301-1400) sizes=c(64)KB
w46-s12-cleanup-1,cleanup-delete,14000,0,16,76.05,76.05,80,90,100,110,130,200,210.39,0,100%,100% cprefix=s3testqwer containers=r(1-10) objects=r(1-1400) cprefix=s3testqwer containers=r(1-10) objects=r(1-1400) cprefix=s3testqwer containers=r(1-10) objects=r(1-1400) deleteContainer=false cprefix=s3testqwer containers=r(1-10) objects=r(1-1400)
w46-s13-dispose-1,dispose-delete,0,0,16,N/A,N/A,N/A,N/A,N/A,N/A,N/A,N/A,0,0,N/A,100% cprefix=s3testqwer containers=r(1-10) cprefix=s3testqwer containers=r(1-10) cprefix=s3testqwer containers=r(1-10) objects=r(0-0) sizes=c(0)B cprefix=s3testqwer containers=r(1-10)
w47-s1-init-1,init-write,0,0,1,N/A,N/A,N/A,N/A,N/A,N/A,N/A,N/A,0,0,N/A,100% cprefix=s3testqwer containers=r(1-10) cprefix=s3testqwer containers=r(1-10) cprefix=s3testqwer containers=r(1-10) objects=r(0-0) sizes=c(0)B cprefix=s3testqwer containers=r(1-10)
w47-s2-prepare-1,prepare-write,5000,640000000,16,75.08,69.89,90,100,110,110,130,310,212.87,27247792.93,100%,100% cprefix=s3testqwer containers=r(1-10) objects=r(1-500) sizes=c(128)KB cprefix=s3testqwer containers=r(1-10) objects=r(1-500) sizes=c(128)KB cprefix=s3testqwer containers=r(1-10) objects=r(1-500) sizes=c(128)KB createContainer=false cprefix=s3testqwer containers=r(1-10) objects=r(1-500) sizes=c(128)KB
w47-s3-main-1worker-1,read,6709,858752000,1,10.72,7.72,20,20,20,20,30,220,55.91,7157101.66,100%,70% cprefix=s3testqwer containers=u(1-10) objects=u(1-500)
w47-s3-main-1worker-2,write,2836,363008000,1,16.81,12.59,20,20,20,20,30,40,23.64,3025419.63,100%,30% cprefix=s3testqwer containers=u(1-10) objects=u(501-600) sizes=c(128)KB
w47-s4-main-4workers-1,read,15883,2033024000,4,17.99,13.79,20,30,30,30,60,270,132.45,16953065.81,100%,70% cprefix=s3testqwer containers=u(1-10) objects=u(1-500)
w47-s4-main-4workers-2,write,6772,866816000,4,28.54,24.11,30,40,40,40,50,280,56.47,7228207.49,100%,30% cprefix=s3testqwer containers=u(1-10) objects=u(601-700) sizes=c(128)KB
w47-s5-main-8workers-1,read,17254,2208512000,8,32.54,27.07,40,40,50,50,90,280,143.84,18411424.75,100%,70% cprefix=s3testqwer containers=u(1-10) objects=u(1-300)
w47-s5-main-8workers-2,write,7501,960128000,8,52.98,48.28,60,70,70,80,90,310,62.53,8004170.93,100%,30% cprefix=s3testqwer containers=u(1-10) objects=u(701-800) sizes=c(128)KB
w47-s6-main-16workers-1,read,17756,2272768000,16,62.82,54.55,70,80,90,100,230,470,148.07,18953023.84,100%,70% cprefix=s3testqwer containers=u(1-10) objects=u(1-500)
w47-s6-main-16workers-2,write,7540,965120000,16,106.42,101.58,110,130,140,150,200,350,62.88,8048387.6,100%,30% cprefix=s3testqwer containers=u(1-10) objects=u(801-900) sizes=c(128)KB
w47-s7-main-32workers-1,read,18617,2382976000,32,122.06,114.77,130,190,230,290,410,830,155.47,19899704.64,100%,70% cprefix=s3testqwer containers=u(1-10) objects=u(1-500)
w47-s7-main-32workers-2,write,7965,1019520000,32,195.68,190.75,200,270,320,390,530,960,66.51,8513773.6,100%,30% cprefix=s3testqwer containers=u(1-10) objects=u(901-1000) sizes=c(128)KB
w47-s8-main-64workers-1,read,19237,2462336000,64,227.69,220.27,220,360,530,770,1190,1700,161.17,20629448.95,100%,70% cprefix=s3testqwer containers=u(1-10) objects=u(1-500)
w47-s8-main-64workers-2,write,8150,1043200000,64,399.79,394.74,350,560,820,1210,2010,3010,68.28,8739698.22,100%,30% cprefix=s3testqwer containers=u(1-10) objects=u(1001-1100) sizes=c(128)KB
w47-s9-main-128workers-1,read,20739,2654592000,128,385.77,378.88,250,600,900,1520,3250,3850,175.13,22416361.2,100%,70% cprefix=s3testqwer containers=u(1-10) objects=u(1-500)
w47-s9-main-128workers-2,write,8940,1144320000,128,800.58,795.5,550,1240,1840,2920,6150,7390,75.48,9661260.93,100%,30% cprefix=s3testqwer containers=u(1-10) objects=u(1100-1200) sizes=c(128)KB
w47-s10-main-256workers-1,read,23758,3041024000,256,676.21,669.86,230,540,1130,5310,7170,8030,203.34,26027652.74,100%,70% cprefix=s3testqwer containers=u(1-10) objects=u(1-500)
w47-s10-main-256workers-2,write,10119,1295232000,256,1367.92,1362.72,500,1050,2190,10700,14080,15590,86.61,11086229.27,100%,30% cprefix=s3testqwer containers=u(1-10) objects=u(1201-1300) sizes=c(128)KB
w47-s11-main-512workers-1,read,26940,3448320000,512,1200.1,1192.96,570,720,1110,8200,10750,11480,237.15,30355084.04,100%,70% cprefix=s3testqwer containers=u(1-10) objects=u(1-500)
w47-s11-main-512workers-2,write,11668,1493504000,512,2215.38,2209.79,1360,1570,1900,13190,20930,22750,102.64,13137679.26,100%,30% cprefix=s3testqwer containers=u(1-10) objects=u(1301-1400) sizes=c(128)KB
w47-s12-cleanup-1,cleanup-delete,14000,0,16,53.77,53.77,60,70,80,80,100,140,297.52,0,100%,100% cprefix=s3testqwer containers=r(1-10) objects=r(1-1400) cprefix=s3testqwer containers=r(1-10) objects=r(1-1400) cprefix=s3testqwer containers=r(1-10) objects=r(1-1400) deleteContainer=false cprefix=s3testqwer containers=r(1-10) objects=r(1-1400)
w47-s13-dispose-1,dispose-delete,0,0,16,N/A,N/A,N/A,N/A,N/A,N/A,N/A,N/A,0,0,N/A,100% cprefix=s3testqwer containers=r(1-10) cprefix=s3testqwer containers=r(1-10) cprefix=s3testqwer containers=r(1-10) objects=r(0-0) sizes=c(0)B cprefix=s3testqwer containers=r(1-10)
w48-s1-init-1,init-write,0,0,1,N/A,N/A,N/A,N/A,N/A,N/A,N/A,N/A,0,0,N/A,100% cprefix=s3testqwer containers=r(1-10) cprefix=s3testqwer containers=r(1-10) cprefix=s3testqwer containers=r(1-10) objects=r(0-0) sizes=c(0)B cprefix=s3testqwer containers=r(1-10)
w48-s2-prepare-1,prepare-write,5000,5000000000,16,279.49,171.87,260,330,430,580,830,2340,57.24,57237838.92,100%,100% cprefix=s3testqwer containers=r(1-10) objects=r(1-500) sizes=c(1)MB cprefix=s3testqwer containers=r(1-10) objects=r(1-500) sizes=c(1)MB cprefix=s3testqwer containers=r(1-10) objects=r(1-500) sizes=c(1)MB createContainer=false cprefix=s3testqwer containers=r(1-10) objects=r(1-500) sizes=c(1)MB
w48-s3-main-1worker-1,read,1863,1863000000,1,37.54,12.12,40,40,40,50,50,160,15.53,15528235.05,100%,70% cprefix=s3testqwer containers=u(1-10) objects=u(1-500)
w48-s3-main-1worker-2,write,810,810000000,1,61.65,27.94,70,70,70,70,80,110,6.75,6751406.54,100%,30% cprefix=s3testqwer containers=u(1-10) objects=u(501-600) sizes=c(1)MB
w48-s4-main-4workers-1,read,4178,4178000000,4,76.03,28.48,70,80,110,220,310,920,34.84,34840070.6,100%,70% cprefix=s3testqwer containers=u(1-10) objects=u(1-500)
w48-s4-main-4workers-2,write,1829,1829000000,4,88.47,52.99,90,100,110,120,300,520,15.25,15251793.65,100%,30% cprefix=s3testqwer containers=u(1-10) objects=u(601-700) sizes=c(1)MB
w48-s5-main-8workers-1,read,4856,4856000000,8,136.63,54.56,120,170,300,350,550,880,40.53,40530327.77,100%,70% cprefix=s3testqwer containers=u(1-10) objects=u(1-300)
w48-s5-main-8workers-2,write,2011,2011000000,8,146.57,95.02,140,170,230,330,400,780,16.78,16784923.87,100%,30% cprefix=s3testqwer containers=u(1-10) objects=u(701-800) sizes=c(1)MB
w48-s6-main-16workers-1,read,4331,4331000000,16,276.83,93.47,300,360,440,540,730,1350,36.22,36219097.3,100%,70% cprefix=s3testqwer containers=u(1-10) objects=u(1-500)
w48-s6-main-16workers-2,write,1951,1951000000,16,365.95,253.15,420,480,530,600,800,1780,16.32,16315776.65,100%,30% cprefix=s3testqwer containers=u(1-10) objects=u(801-900) sizes=c(1)MB
w48-s7-main-32workers-1,read,5517,5517000000,32,447.53,200.61,450,640,810,980,1300,2270,46.26,46264004.56,100%,70% cprefix=s3testqwer containers=u(1-10) objects=u(1-500)
w48-s7-main-32workers-2,write,2333,2333000000,32,577.24,391.68,570,790,990,1180,1590,2350,19.56,19563406.3,100%,30% cprefix=s3testqwer containers=u(1-10) objects=u(901-1000) sizes=c(1)MB
w48-s8-main-64workers-1,read,5740,5740000000,64,863.27,416.53,750,1330,1930,2470,3770,6350,48.56,48564573.24,100%,70% cprefix=s3testqwer containers=u(1-10) objects=u(1-500)
w48-s8-main-64workers-2,write,2420,2420000000,64,1078.51,855.05,930,1560,2240,3100,4900,10840,20.47,20473606.52,100%,30% cprefix=s3testqwer containers=u(1-10) objects=u(1001-1100) sizes=c(1)MB
w48-s9-main-128workers-1,read,5964,5964000000,128,1541.87,779.87,950,2600,4700,5800,7310,12900,51.8,51796156.22,100%,70% cprefix=s3testqwer containers=u(1-10) objects=u(1-500)
w48-s9-main-128workers-2,write,2519,2519000000,128,2202.51,1950.41,1270,3370,6420,9300,12520,20140,21.89,21892383.19,100%,30% cprefix=s3testqwer containers=u(1-10) objects=u(1100-1200) sizes=c(1)MB
w48-s10-main-256workers-1,read,5412,5412000000,256,3132.1,1583.99,950,1940,15190,17340,25550,44480,51.43,51433241.58,100%,70% cprefix=s3testqwer containers=u(1-10) objects=u(1-500)
w48-s10-main-256workers-2,write,2276,2276000000,256,4378.1,4120.15,1420,3000,16990,30170,30450,31230,21.66,21663790.91,100%,30% cprefix=s3testqwer containers=u(1-10) objects=u(1201-1300) sizes=c(1)MB
w48-s11-main-512workers-1,read,5160,5160000000,512,5991.48,3481.54,3940,5870,17360,20900,22530,40270,48.42,48422724.33,100%,70% cprefix=s3testqwer containers=u(1-10) objects=u(1-500)
w48-s11-main-512workers-2,write,2205,2205000000,512,10760.15,9706.11,8220,11430,24130,31040,31210,31690,20.7,20696843.58,100%,30% cprefix=s3testqwer containers=u(1-10) objects=u(1301-1400) sizes=c(1)MB
w48-s12-cleanup-1,cleanup-delete,14000,0,16,65.85,65.85,80,80,90,100,110,150,243.24,0,100%,100% cprefix=s3testqwer containers=r(1-10) objects=r(1-1400) cprefix=s3testqwer containers=r(1-10) objects=r(1-1400) cprefix=s3testqwer containers=r(1-10) objects=r(1-1400) deleteContainer=false cprefix=s3testqwer containers=r(1-10) objects=r(1-1400)
w48-s13-dispose-1,dispose-delete,0,0,16,N/A,N/A,N/A,N/A,N/A,N/A,N/A,N/A,0,0,N/A,100% cprefix=s3testqwer containers=r(1-10) cprefix=s3testqwer containers=r(1-10) cprefix=s3testqwer containers=r(1-10) objects=r(0-0) sizes=c(0)B cprefix=s3testqwer containers=r(1-10)
w49-s1-init-1,init-write,0,0,1,N/A,N/A,N/A,N/A,N/A,N/A,N/A,N/A,0,0,N/A,100% cprefix=s3testqwer containers=r(1-10) cprefix=s3testqwer containers=r(1-10) cprefix=s3testqwer containers=r(1-10) objects=r(0-0) sizes=c(0)B cprefix=s3testqwer containers=r(1-10)
w49-s2-prepare-1,prepare-write,5000,20000000000,16,1050.42,334.36,1110,1490,1690,1990,2580,5050,15.23,60929848.81,100%,100% cprefix=s3testqwer containers=r(1-10) objects=r(1-500) sizes=c(4)MB cprefix=s3testqwer containers=r(1-10) objects=r(1-500) sizes=c(4)MB cprefix=s3testqwer containers=r(1-10) objects=r(1-500) sizes=c(4)MB createContainer=false cprefix=s3testqwer containers=r(1-10) objects=r(1-500) sizes=c(4)MB
w49-s3-main-1worker-1,read,595,2380000000,1,137.03,12.77,140,150,150,150,160,180,4.96,19849047.16,100%,70% cprefix=s3testqwer containers=u(1-10) objects=u(1-500)
w49-s3-main-1worker-2,write,249,996000000,1,153.96,25.71,160,160,170,170,180,190,2.08,8306576.04,100%,30% cprefix=s3testqwer containers=u(1-10) objects=u(501-600) sizes=c(4)MB
w49-s4-main-4workers-1,read,1328,5312000000,4,264.42,39.39,240,310,460,510,730,1320,11.08,44329655.43,100%,70% cprefix=s3testqwer containers=u(1-10) objects=u(1-500)
w49-s4-main-4workers-2,write,546,2184000000,4,234.6,71.23,230,260,350,430,500,720,4.56,18225906.53,100%,30% cprefix=s3testqwer containers=u(1-10) objects=u(601-700) sizes=c(4)MB
w49-s5-main-8workers-1,read,1384,5536000000,8,489.29,78.74,510,650,840,1010,1300,1870,11.59,46358601.03,100%,70% cprefix=s3testqwer containers=u(1-10) objects=u(1-300)
w49-s5-main-8workers-2,write,649,2596000000,8,428.45,149.58,410,580,750,900,1210,1700,5.43,21737379,100%,30% cprefix=s3testqwer containers=u(1-10) objects=u(701-800) sizes=c(4)MB
w49-s6-main-16workers-1,read,1506,6024000000,16,870.59,168.92,890,1200,1460,1620,2060,3250,12.66,50640978.89,100%,70% cprefix=s3testqwer containers=u(1-10) objects=u(1-500)
w49-s6-main-16workers-2,write,680,2720000000,16,870.66,305.54,900,1190,1390,1610,1970,3000,5.72,22860115.41,100%,30% cprefix=s3testqwer containers=u(1-10) objects=u(801-900) sizes=c(4)MB
w49-s7-main-32workers-1,read,1580,6320000000,32,1597.44,355.6,1620,2150,2620,3080,4060,6240,13.38,53527615.93,100%,70% cprefix=s3testqwer containers=u(1-10) objects=u(1-500)
w49-s7-main-32workers-2,write,640,2560000000,32,1957.39,906.02,1960,2600,3300,3890,5040,6630,5.43,21702352.14,100%,30% cprefix=s3testqwer containers=u(1-10) objects=u(901-1000) sizes=c(4)MB
w49-s8-main-64workers-1,read,1546,6184000000,64,2971.01,982.54,2740,4360,5970,7720,9760,16730,13.43,53725942.24,100%,70% cprefix=s3testqwer containers=u(1-10) objects=u(1-500)
w49-s8-main-64workers-2,write,643,2572000000,64,4315.99,2963.68,3850,6050,8620,11710,16550,24150,5.58,22322313.99,100%,30% cprefix=s3testqwer containers=u(1-10) objects=u(1001-1100) sizes=c(4)MB
w49-s9-main-128workers-1,read,1409,5636000000,128,5257.5,2318.96,4700,7040,9780,12440,15870,23420,12.63,50518452.23,100%,70% cprefix=s3testqwer containers=u(1-10) objects=u(1-500)
w49-s9-main-128workers-2,write,587,2348000000,128,11717.95,7738.97,10840,13650,18070,22760,29050,33670,5.26,21021856.69,100%,30% cprefix=s3testqwer containers=u(1-10) objects=u(1100-1200) sizes=c(4)MB
w49-s10-main-256workers-1,read,1450,5800000000,256,8442.71,4544.77,8530,10060,11400,12680,14900,18440,15.1,60396337.39,100%,70% cprefix=s3testqwer containers=u(1-10) objects=u(1-500)
w49-s10-main-256workers-2,write,488,1952000000,256,25516.32,15722.22,25750,28320,30470,32730,36000,40440,5.03,20131145.13,100%,30% cprefix=s3testqwer containers=u(1-10) objects=u(1201-1300) sizes=c(4)MB
w49-s11-main-512workers-1,read,1371,5484000000,512,16528.9,9614.03,17210,19180,20890,22720,28310,33680,19.19,76748536.35,100%,70% cprefix=s3testqwer containers=u(1-10) objects=u(1-500)
w49-s11-main-512workers-2,write,305,1220000000,512,53496.95,28981.71,54170,57280,59200,61410,64030,65700,3.76,15057354.54,100%,30% cprefix=s3testqwer containers=u(1-10) objects=u(1301-1400) sizes=c(4)MB
w49-s12-cleanup-1,cleanup-delete,14000,0,16,50.28,50.28,60,70,80,90,110,180,370.9,0,100%,100% cprefix=s3testqwer containers=r(1-10) objects=r(1-1400) cprefix=s3testqwer containers=r(1-10) objects=r(1-1400) cprefix=s3testqwer containers=r(1-10) objects=r(1-1400) deleteContainer=false cprefix=s3testqwer containers=r(1-10) objects=r(1-1400)
w49-s13-dispose-1,dispose-delete,0,0,16,N/A,N/A,N/A,N/A,N/A,N/A,N/A,N/A,0,0,N/A,100% cprefix=s3testqwer containers=r(1-10) cprefix=s3testqwer containers=r(1-10) cprefix=s3testqwer containers=r(1-10) objects=r(0-0) sizes=c(0)B cprefix=s3testqwer containers=r(1-10)
w50-s1-init-1,init-write,0,0,1,N/A,N/A,N/A,N/A,N/A,N/A,N/A,N/A,0,0,N/A,100% cprefix=s3testqwer containers=r(1-10) cprefix=s3testqwer containers=r(1-10) cprefix=s3testqwer containers=r(1-10) objects=r(0-0) sizes=c(0)B cprefix=s3testqwer containers=r(1-10)
w50-s2-prepare-1,prepare-write,5000,40000000000,16,2028.99,428.15,2150,2700,3100,3370,4170,6130,7.9,63224517.16,100%,100% cprefix=s3testqwer containers=r(1-10) objects=r(1-500) sizes=c(8)MB cprefix=s3testqwer containers=r(1-10) objects=r(1-500) sizes=c(8)MB cprefix=s3testqwer containers=r(1-10) objects=r(1-500) sizes=c(8)MB createContainer=false cprefix=s3testqwer containers=r(1-10) objects=r(1-500) sizes=c(8)MB
w50-s3-main-1worker-1,read,283,2264000000,1,285.16,12.91,270,290,390,470,490,500,2.36,18898794.62,100%,70% cprefix=s3testqwer containers=u(1-10) objects=u(1-500)
w50-s3-main-1worker-2,write,138,1104000000,1,283.19,24.33,290,300,310,320,330,330,1.15,9215666.63,100%,30% cprefix=s3testqwer containers=u(1-10) objects=u(501-600) sizes=c(8)MB
w50-s4-main-4workers-1,read,688,5504000000,4,507.65,47.66,520,640,780,870,1080,1260,5.76,46053729.19,100%,70% cprefix=s3testqwer containers=u(1-10) objects=u(1-500)
w50-s4-main-4workers-2,write,286,2288000000,4,450.18,80.43,440,570,660,750,1020,1240,2.39,19144833.42,100%,30% cprefix=s3testqwer containers=u(1-10) objects=u(601-700) sizes=c(8)MB
w50-s5-main-8workers-1,read,682,5456000000,8,930.66,102.55,980,1240,1420,1600,1860,2820,5.75,46006040.46,100%,70% cprefix=s3testqwer containers=u(1-10) objects=u(1-300)
w50-s5-main-8workers-2,write,313,2504000000,8,1003.36,234.68,1080,1400,1570,1740,1880,2220,2.64,21111818.16,100%,30% cprefix=s3testqwer containers=u(1-10) objects=u(701-800) sizes=c(8)MB
w50-s6-main-16workers-1,read,762,6096000000,16,1614.2,255.85,1640,2090,2460,2840,3770,6250,6.48,51855132.06,100%,70% cprefix=s3testqwer containers=u(1-10) objects=u(1-500)
w50-s6-main-16workers-2,write,343,2744000000,16,1897.31,494.68,2000,2470,2780,3030,3580,3940,2.92,23335484.4,100%,30% cprefix=s3testqwer containers=u(1-10) objects=u(801-900) sizes=c(8)MB
w50-s7-main-32workers-1,read,806,6448000000,32,2954.51,619.37,3050,3890,4700,5400,6940,8180,6.95,55624702.32,100%,70% cprefix=s3testqwer containers=u(1-10) objects=u(1-500)
w50-s7-main-32workers-2,write,325,2600000000,32,4078.22,1443.58,4200,5250,6190,6900,9480,10690,2.8,22423450.6,100%,30% cprefix=s3testqwer containers=u(1-10) objects=u(901-1000) sizes=c(8)MB
w50-s8-main-64workers-1,read,800,6400000000,64,4937.97,1483.08,4650,6290,8310,9860,15400,19940,7.15,57234940.91,100%,70% cprefix=s3testqwer containers=u(1-10) objects=u(1-500)
w50-s8-main-64workers-2,write,302,2416000000,64,10635.33,4949.32,10490,12900,15670,17930,24250,29660,2.7,21599809.16,100%,30% cprefix=s3testqwer containers=u(1-10) objects=u(1001-1100) sizes=c(8)MB
w50-s9-main-128workers-1,read,754,6032000000,128,7701.78,3090.42,7710,9250,10500,11760,13600,17530,7.68,61445907.15,100%,70% cprefix=s3testqwer containers=u(1-10) objects=u(1-500)
w50-s9-main-128workers-2,write,253,2024000000,128,26607.85,10851.09,26850,28710,30770,32160,34580,38320,2.59,20726964.55,100%,30% cprefix=s3testqwer containers=u(1-10) objects=u(1100-1200) sizes=c(8)MB
w50-s10-main-256workers-1,read,603,4824000000,256,15324.43,6713.07,16070,18660,20660,22310,25270,28270,10.71,85701942.42,100%,70% cprefix=s3testqwer containers=u(1-10) objects=u(1-500)
w50-s10-main-256workers-2,write,124,992000000,256,56807.44,21385.6,57620,60680,62490,64150,65520,70280,1.51,12054161.51,100%,30% cprefix=s3testqwer containers=u(1-10) objects=u(1201-1300) sizes=c(8)MB
w50-s11-main-512workers-1,read,534,4272000000,512,32538.31,13451.71,31640,40080,44430,47070,58540,70150,8.03,64278630.41,100%,70% cprefix=s3testqwer containers=u(1-10) objects=u(1-500)
w50-s11-main-512workers-2,write,0,0,512,N/A,N/A,N/A,N/A,N/A,N/A,N/A,N/A,0,0,N/A,30% cprefix=s3testqwer containers=u(1-10) objects=u(1301-1400) sizes=c(8)MB
w50-s12-cleanup-1,cleanup-delete,14000,0,16,47.82,47.82,60,70,80,90,100,150,337.35,0,100%,100% cprefix=s3testqwer containers=r(1-10) objects=r(1-1400) cprefix=s3testqwer containers=r(1-10) objects=r(1-1400) cprefix=s3testqwer containers=r(1-10) objects=r(1-1400) deleteContainer=false cprefix=s3testqwer containers=r(1-10) objects=r(1-1400)
w50-s13-dispose-1,dispose-delete,0,0,16,N/A,N/A,N/A,N/A,N/A,N/A,N/A,N/A,0,0,N/A,100% cprefix=s3testqwer containers=r(1-10) cprefix=s3testqwer containers=r(1-10) cprefix=s3testqwer containers=r(1-10) objects=r(0-0) sizes=c(0)B cprefix=s3testqwer containers=r(1-10)
w51-s1-init-1,init-write,0,0,1,N/A,N/A,N/A,N/A,N/A,N/A,N/A,N/A,0,0,N/A,100% cprefix=s3testqwer containers=r(1-10) cprefix=s3testqwer containers=r(1-10) cprefix=s3testqwer containers=r(1-10) objects=r(0-0) sizes=c(0)B cprefix=s3testqwer containers=r(1-10)
w51-s2-prepare-1,prepare-write,5000,80000000000,16,4202.48,544.05,4450,5420,6020,6300,7100,8890,3.81,60917726.17,100%,100% cprefix=s3testqwer containers=r(1-10) objects=r(1-500) sizes=c(16)MB cprefix=s3testqwer containers=r(1-10) objects=r(1-500) sizes=c(16)MB cprefix=s3testqwer containers=r(1-10) objects=r(1-500) sizes=c(16)MB createContainer=false cprefix=s3testqwer containers=r(1-10) objects=r(1-500) sizes=c(16)MB
w51-s3-main-1worker-1,read,147,2352000000,1,571.96,16.09,590,650,690,710,760,930,1.23,19654541.35,100%,70% cprefix=s3testqwer containers=u(1-10) objects=u(1-500)
w51-s3-main-1worker-2,write,67,1072000000,1,531.01,25.94,540,550,570,590,620,640,0.56,8958192.32,100%,30% cprefix=s3testqwer containers=u(1-10) objects=u(501-600) sizes=c(16)MB
w51-s4-main-4workers-1,read,358,5728000000,4,935.23,68.53,970,1100,1240,1400,1730,2000,3.01,48198866.14,100%,70% cprefix=s3testqwer containers=u(1-10) objects=u(1-500)
w51-s4-main-4workers-2,write,139,2224000000,4,1012.38,121.48,1040,1290,1480,1560,1610,1800,1.17,18695782.81,100%,30% cprefix=s3testqwer containers=u(1-10) objects=u(601-700) sizes=c(16)MB
w51-s5-main-8workers-1,read,344,5504000000,8,1550.45,115.74,1600,1940,2290,2520,2860,3070,2.93,46801024.39,100%,70% cprefix=s3testqwer containers=u(1-10) objects=u(1-300)
w51-s5-main-8workers-2,write,171,2736000000,8,2383.87,362.55,2470,3110,3340,3550,3960,4770,1.45,23249842.64,100%,30% cprefix=s3testqwer containers=u(1-10) objects=u(701-800) sizes=c(16)MB
w51-s6-main-16workers-1,read,373,5968000000,16,2945.87,315.99,3000,3770,4340,4730,5670,6580,3.2,51275980.62,100%,70% cprefix=s3testqwer containers=u(1-10) objects=u(1-500)
w51-s6-main-16workers-2,write,166,2656000000,16,4596.25,878.05,4770,5810,6400,7320,8960,10070,1.43,22839270.23,100%,30% cprefix=s3testqwer containers=u(1-10) objects=u(801-900) sizes=c(16)MB
w51-s7-main-32workers-1,read,403,6448000000,32,4920.84,832.59,5150,6560,8210,8960,10420,12780,3.6,57607561.18,100%,70% cprefix=s3testqwer containers=u(1-10) objects=u(1-500)
w51-s7-main-32workers-2,write,156,2496000000,32,10229.47,2362.24,10410,12770,14820,16180,20350,21690,1.4,22386521.45,100%,30% cprefix=s3testqwer containers=u(1-10) objects=u(901-1000) sizes=c(16)MB
w51-s8-main-64workers-1,read,391,6256000000,64,7688.72,2000.53,7780,9200,10430,11420,13300,16840,4.01,64217367.72,100%,70% cprefix=s3testqwer containers=u(1-10) objects=u(1-500)
w51-s8-main-64workers-2,write,119,1904000000,64,27206.45,6503.1,28230,29730,31000,32540,34850,40670,1.21,19407813.06,100%,30% cprefix=s3testqwer containers=u(1-10) objects=u(1001-1100) sizes=c(16)MB
w51-s9-main-128workers-1,read,325,5200000000,128,16839.92,4646.66,17220,20780,24110,25780,30190,31850,4.56,72938207.31,100%,70% cprefix=s3testqwer containers=u(1-10) objects=u(1-500)
w51-s9-main-128workers-2,write,59,944000000,128,69168.49,15075.68,68610,72630,77010,79640,82100,90960,0.61,9687885.72,100%,30% cprefix=s3testqwer containers=u(1-10) objects=u(1100-1200) sizes=c(16)MB
w51-s10-main-256workers-1,read,275,4400000000,256,26189.43,7819.08,27070,29610,31110,32450,36120,38590,4.2,67138741.8,100%,70% cprefix=s3testqwer containers=u(1-10) objects=u(1-500)
w51-s10-main-256workers-2,write,0,0,256,N/A,N/A,N/A,N/A,N/A,N/A,N/A,N/A,0,0,N/A,30% cprefix=s3testqwer containers=u(1-10) objects=u(1201-1300) sizes=c(16)MB
w51-s11-main-512workers-1,read,146,2336000000,507,63371.55,19720.95,64460,66080,67550,68760,71460,72410,2.31,36974725.5,100%,70% cprefix=s3testqwer containers=u(1-10) objects=u(1-500)
w51-s11-main-512workers-2,write,0,0,507,N/A,N/A,N/A,N/A,N/A,N/A,N/A,N/A,0,0,N/A,30% cprefix=s3testqwer containers=u(1-10) objects=u(1301-1400) sizes=c(16)MB
